id,num_rep,num_rep_per,len_conversation,total_compound_conv,tot_pos_sen,tot_neg_sen,sum_tfidf,avg_tfidf,avg_w2v_score,sum_w2v_score,Is_satisfied
voip-dda7c88c6e-20130323_053612,2,0.14285714285714285,28,-0.013442857142857144,0.14285714285714285,0.14285714285714285,5.799495178976008,0.08787113907539404,-0.0042553926,-0.11915099,0
voip-31de0daa7b-20130401_204621,11,0.55,40,0.0,0.0,0.0,3.6236573247491832,0.06837089291979591,-0.004889042638953672,-0.17600553500233218,0
voip-9819537952-20130327_023510,5,0.625,16,0.02062857142857144,0.14285714285714285,0.14285714285714285,2.8216530120081917,0.10077332185743544,-0.004904903777060099,-0.07357355665590147,0
voip-e61fa89add-20130326_004919,0,0.0,6,0.07543333333333334,0.3333333333333333,0.0,3.3114702037491206,0.12264704458330075,-0.0061610057,-0.036966032999999995,0
voip-7e07d8f0f5-20130328_190516,8,0.5714285714285714,28,0.055766666666666666,0.25,0.0,4.426133380360433,0.08511794962231603,-0.0052129289587565615,-0.13553615292767066,0
voip-0f41c16f2f-20130325_192310,4,0.6666666666666666,12,0.10275,0.3333333333333333,0.16666666666666666,2.8390581836255686,0.08350171128310498,-0.006210814346559346,-0.0683189578121528,0
voip-7f9c1c8411-20130401_164058,11,0.8461538461538461,26,0.021881818181818183,0.18181818181818185,0.09090909090909093,2.8789068646866456,0.07576070696543805,-0.008167542,-0.21235609,0
voip-59bc8a2167-20130325_141345,6,0.75,16,0.07945,0.25,0.0,3.3997041463352056,0.09999129842162367,-0.00747898803674616,-0.1121848205511924,0
voip-b08f15a787-20130402_071910,12,0.8571428571428571,28,0.03653636363636364,0.09090909090909093,0.0,3.544603069539556,0.0864537334034038,-0.005301956333116525,-0.14315282099414614,0
voip-d0341706f2-20130329_052811,3,0.75,8,0.0,0.0,0.0,2.4823112632960287,0.12411556316480145,-0.008469576999999999,-0.06775661599999999,0
voip-e8997b10da-20130329_000819,4,0.4444444444444444,18,0.04095555555555555,0.4444444444444444,0.1111111111111111,4.678410567566753,0.08506201031939553,-0.005835366,-0.10503659,0
voip-edb8609855-20130327_182651,8,0.5333333333333333,30,0.012615384615384612,0.15384615384615385,0.15384615384615385,4.536857436682277,0.07561429061137129,-0.006532758927076227,-0.17638449103105813,0
voip-edb8609855-20130327_182309,0,0.0,16,0.00965,0.125,0.0,4.0743320607921785,0.06905647560664711,-0.007809165692500148,-0.11713748538750225,0
voip-7e07d8f0f5-20130328_190850,10,0.8333333333333334,24,-0.0022799999999999986,0.1,0.1,1.7912756340965656,0.0663435420035765,-0.005906323806437499,-0.10040750470943748,0
voip-50af5438f1-20130327_042937,6,0.375,32,-0.011308333333333335,0.25,0.25,5.560951282357347,0.09425341156537877,-0.004300693556433544,-0.1075173389108386,0
voip-3b3edac94d-20130324_201858,4,0.5714285714285714,14,-0.012866666666666669,0.0,0.16666666666666666,3.182014239956324,0.08373721684095588,-0.0046775076,-0.065485105,0
voip-fe2783c40a-20130401_144421,0,0.0,12,-0.08778333333333332,0.0,0.16666666666666666,3.792902069667992,0.08070004403548918,-0.005258539699999999,-0.06310248,0
voip-f22c2bf9c7-20130326_015536,5,0.5555555555555556,18,0.04228571428571428,0.14285714285714285,0.0,2.9226831707343828,0.10438154181194224,-0.0062741749788983725,-0.10038679966237396,0
voip-d76851034e-20130326_221719,11,0.8461538461538461,26,0.21104615384615386,0.6153846153846154,0.07692307692307693,3.7916980399698432,0.0702166303698119,-0.005780427833087742,-0.14451069582719356,0
voip-318851c80b-20130328_215616,8,0.8,20,0.0695375,0.375,0.0,3.172680050300399,0.09914625157188747,-0.0041491029999999995,-0.08298206,0
voip-7e07d8f0f5-20130327_175512,3,0.5,12,0.0592,0.2,0.0,2.781532353806152,0.09271774512687173,-0.008368099732747809,-0.0920490970602259,0
voip-8991b7bff6-20130401_174015,4,0.3333333333333333,24,-0.0757875,0.125,0.25,4.49382042232582,0.08321889670973741,-0.006224536678545471,-0.11826619689236395,0
voip-249d0f617b-20130328_162005,2,0.3333333333333333,12,0.06698333333333333,0.16666666666666666,0.0,3.989912459500896,0.09499791570240228,-0.003955114,-0.04746137,0
voip-da4a08ad84-20130328_154747,9,0.75,24,-0.019854545454545455,0.09090909090909093,0.18181818181818185,3.0689933655677977,0.06819985256817328,-0.00466708257622288,-0.10734289925312623,0
voip-48c12815b3-20130326_011456,7,0.7,20,-0.0484375,0.0,0.125,4.787595421665898,0.08704718948483453,-0.005999205600000001,-0.11998411,0
voip-a31ca3e355-20130323_222700,12,0.631578947368421,38,0.07418823529411764,0.29411764705882354,0.0,4.855168353284151,0.0746948977428331,-0.006082988110515665,-0.22507056008907966,0
voip-187c1708f2-20130325_125747,3,0.3333333333333333,18,0.008577777777777778,0.1111111111111111,0.0,4.655632080083536,0.08621540889043586,-0.0070645576,-0.12716204,0
voip-7e07d8f0f5-20130328_191418,13,0.8125,32,0.11509375,0.4375,0.0625,2.5740010569105225,0.053625022018969216,-0.005320711326303667,-0.15430062846280634,0
voip-36440f7305-20130326_140559,13,0.8666666666666667,30,0.11731538461538465,0.3076923076923077,0.0,3.5390261132275587,0.07529842794101188,-0.0071556405,-0.21466921,0
voip-22c938c8ba-20130325_124542,19,0.9047619047619048,42,-0.005413333333333337,0.26666666666666666,0.26666666666666666,3.177915323365064,0.06620656923677216,-0.00801251474407955,-0.3044755602750229,0
voip-340dbb333e-20130325_230054,0,0.0,6,0.0,0.0,0.0,2.139398647715054,0.1125999288271081,-0.008792285,-0.05275371,0
voip-52d599db9c-20130326_213541,5,0.4545454545454545,22,0.06698333333333333,0.16666666666666666,0.0,4.212860026122435,0.10532150065306088,-0.0041734977,-0.09181695,0
voip-8991b7bff6-20130326_231411,2,0.5,8,0.0,0.0,0.0,1.830002450069799,0.10764720294528228,-0.0054547911509871495,-0.02727395575493574,0
voip-e3b4879e0d-20130327_030955,0,0.0,12,0.03771666666666667,0.16666666666666666,0.0,3.5339109152773265,0.08619294915310552,-0.0053137313,-0.06376477,0
voip-0f41c16f2f-20130402_005414,4,0.5,16,0.0,0.0,0.0,3.611171728337188,0.08398073786830669,-0.007184530600000001,-0.11495249,0
voip-e3b4879e0d-20130326_215254,0,0.0,8,0.0933,0.5,0.0,3.72413874460428,0.1006523985028184,-0.0059925606,-0.047940485,0
voip-fe4b6ef58f-20130325_220934,3,0.3,20,-0.0296,0.0,0.1,4.079341939816826,0.07998709685915344,-0.0054054369166907324,-0.0972978645004332,0
voip-fb0047e535-20130326_051359,2,0.5,8,0.0,0.0,0.0,2.3070459658117937,0.10486572571871793,-0.0056129377,-0.044903502000000005,0
voip-9f447ce48e-20130328_114744,5,0.5555555555555556,18,0.0384875,0.25,0.125,2.7085541613338484,0.07966335768628965,-0.004989641058879593,-0.07484461588319391,0
voip-7e07d8f0f5-20130327_174435,3,0.42857142857142855,14,0.07254285714285715,0.2857142857142857,0.14285714285714285,2.7243176797144466,0.08255508120346809,-0.004076080835567644,-0.05298905086237937,0
voip-ef9aa63b85-20130328_190838,16,0.8421052631578947,38,0.1410611111111111,0.4444444444444444,0.05555555555555555,3.3441207326334417,0.06431001408910465,-0.007631270396005777,-0.27472573425620794,0
voip-10beae627f-20130328_132217,18,0.6428571428571429,56,-0.016908000000000003,0.2,0.16,4.8967446326162785,0.061984109273623765,-0.0059949917718768115,-0.2997495885938406,0
voip-381a50592b-20130326_042242,9,0.75,24,0.02205714285714286,0.2857142857142857,0.0,3.4584179593011752,0.09347075565678853,-0.007834288448540738,-0.18018863431643692,0
voip-e3b4879e0d-20130327_033913,0,0.0,10,0.01544,0.2,0.0,3.302742194321316,0.08926330254922475,-0.008524414000000001,-0.08524414,0
voip-39a25ab2f8-20130326_120841,7,0.6363636363636364,22,0.2113888888888889,0.5555555555555556,0.0,3.6749665927184063,0.06681757441306194,-0.006508239,-0.14318126,0
voip-59bc8a2167-20130328_125821,5,0.5,20,0.00965,0.125,0.0,2.8997424798955413,0.061696648508415775,-0.004343597,-0.086871944,0
voip-340dbb333e-20130327_005751,10,0.7692307692307693,26,0.025084615384615386,0.15384615384615385,0.07692307692307693,3.798210578782231,0.07447471723102413,-0.004534484987137451,-0.10882763969129884,0
voip-922209b777-20130325_163118,6,0.6666666666666666,18,0.06698333333333333,0.16666666666666666,0.0,3.263589575334274,0.08368178398293011,-0.0036155283000000003,-0.06507951,0
voip-2d3d74d091-20130325_230144,5,0.625,16,-0.0387875,0.125,0.125,3.4850616773230385,0.09171214940323784,-0.007981317020797482,-0.11971975531196223,0
voip-b57f8ee22b-20130326_235613,2,0.2857142857142857,14,0.02205714285714286,0.2857142857142857,0.0,4.465153543742723,0.08930307087485445,-0.008420556183689488,-0.10946723038796337,0
voip-2d3d74d091-20130325_221539,3,0.375,16,-0.04432857142857143,0.14285714285714285,0.14285714285714285,3.0662307106768822,0.07862130027376621,-0.006290078,-0.10064125,0
voip-d7853a398f-20130401_152954,0,0.0,8,0.0193,0.25,0.0,3.3932978119364563,0.10282720642231684,-0.006680718,-0.053445745,0
voip-e3b4879e0d-20130326_023841,6,0.6666666666666666,18,0.04013333333333333,0.1111111111111111,0.0,3.72582722060987,0.08279616045799712,-0.0054641464,-0.09835464,0
voip-a8649977cf-20130323_161633,3,0.3333333333333333,18,0.01102857142857143,0.14285714285714285,0.0,3.809476958484997,0.09070183234488087,-0.006578536620295113,-0.11183512254501693,0
voip-15d8a89cec-20130327_021758,2,0.25,16,0.15794999999999998,0.375,0.125,4.72199194657168,0.10046791375684423,-0.0052255597,-0.083608955,0
voip-6d6587c57d-20130328_235137,6,0.6666666666666666,18,0.008150000000000004,0.125,0.125,4.418667828279681,0.1004242688245382,-0.005013158241126803,-0.08021053185802884,0
voip-7e07d8f0f5-20130328_191131,15,0.75,40,0.05137333333333333,0.26666666666666666,0.06666666666666668,3.0731167113645665,0.05798333417668994,-0.0051257371607899786,-0.16914932630606927,0
voip-b20968d1ea-20130323_111126,16,0.7619047619047619,42,0.022168421052631573,0.15789473684210525,0.0,5.459368058003738,0.08028482438240793,-0.006040794300710465,-0.24767256632912904,0
voip-0f41c16f2f-20130325_193723,4,0.5714285714285714,14,0.04638571428571429,0.14285714285714285,0.14285714285714285,4.117044798178658,0.1083432841625963,-0.0032949036,-0.04612865,0
voip-13ff413553-20130328_172247,20,0.7692307692307693,52,0.11456666666666665,0.3809523809523809,0.047619047619047616,3.4906855937955665,0.05288917566356919,-0.005186412084824158,-0.24376136798673545,0
voip-fe2783c40a-20130401_150347,4,0.4444444444444444,18,0.037000000000000005,0.125,0.0,4.004478525804015,0.10267893655907732,-0.007644507690201863,-0.1223121230432298,0
voip-8efef4eae9-20130325_232205,2,0.3333333333333333,12,0.04933333333333333,0.16666666666666666,0.0,4.015127120279433,0.10566124000735352,-0.006479983355595984,-0.07127981691155583,0
voip-59bc8a2167-20130328_115953,4,0.5714285714285714,14,0.13384000000000001,0.6,0.0,2.9291570386030914,0.08136547329453031,-0.009024603,-0.12634444,0
voip-fce37b0ccb-20130328_143934,0,0.0,16,0.1713285714285714,0.5714285714285714,0.0,4.194015115821613,0.08737531491295028,-0.006043436,-0.096694976,0
voip-0f41c16f2f-20130325_204340,0,0.0,10,0.0,0.0,0.0,3.3437384255219738,0.0955353835863421,-0.005359273,-0.05359273,0
voip-0241bbae39-20130327_195830,7,0.5833333333333334,24,0.0,0.0,0.0,3.2875488802165878,0.07305664178259083,-0.0029500995158395237,-0.061952089832630015,0
voip-8991b7bff6-20130401_180108,3,0.3,20,-0.031030000000000002,0.1,0.1,3.6935237562881453,0.0820783056952921,-0.006802734911233481,-0.12925196331343616,0
voip-2d3d74d091-20130328_192945,5,0.38461538461538464,26,0.06243846153846154,0.3076923076923077,0.07692307692307693,5.779701724187674,0.10139827586294163,-0.0031736275388697245,-0.07299343339400366,0
voip-78f497f314-20130324_140601,2,0.25,16,0.00965,0.125,0.0,4.584110410431796,0.07514935099068518,-0.0066347215,-0.106155545,0
voip-7e22911804-20130325_210616,0,0.0,16,0.02295,0.25,0.125,4.029896419938397,0.07603578150827164,-0.007652220207576952,-0.11478330311365426,0
voip-b27a230d2e-20130323_043834,7,0.5833333333333334,24,0.040945454545454535,0.2727272727272727,0.0,3.501769883968161,0.06866215458761099,-0.0075364374,-0.1808745,0
voip-597cfafdee-20130402_010156,7,0.875,16,0.1073625,0.375,0.125,3.7657421680592473,0.08368315929020549,-0.004164865550895532,-0.06247298326343297,0
voip-0fa32b1e78-20130328_152422,12,0.6666666666666666,36,0.014084615384615385,0.15384615384615385,0.07692307692307693,3.304709003479616,0.0590126607764217,-0.006565651059749403,-0.2297977870912291,0
voip-da10d74c3e-20130326_001047,2,0.25,16,0.04515,0.125,0.0,4.134764617776199,0.08614092953700414,-0.00312275227624923,-0.04684128414373845,0
voip-fe2783c40a-20130401_143116,2,0.25,16,-0.0177,0.25,0.125,3.6700261048677847,0.07196129617387813,-0.0049284482,-0.07885517,0
voip-52eb280e7b-20130326_214113,9,0.5294117647058824,34,0.02827333333333333,0.2,0.13333333333333333,5.365254689535015,0.09250439119887956,-0.006053110095143149,-0.1997526331397239,0
voip-ccf48b9a6a-20130329_042416,7,0.7777777777777778,18,-0.06458333333333334,0.0,0.16666666666666666,3.114924409218958,0.0916154238005576,-0.005018781,-0.09033806,0
voip-fe2783c40a-20130401_144320,4,0.8,10,0.07400000000000001,0.25,0.0,2.9093994014208358,0.22379995395544888,-0.0027275359999999996,-0.027275361,0
voip-78f497f314-20130324_201025,4,0.6666666666666666,12,0.13586666666666666,0.3333333333333333,0.16666666666666666,4.364801468812118,0.1015070109026074,-0.0047414163,-0.056896996,0
voip-597cfafdee-20130402_004903,9,0.9,20,-0.01901,0.1,0.2,3.1871750369969494,0.07412034969760348,-0.006530516174327778,-0.1240798073122278,0
voip-2c217000af-20130328_223847,5,0.625,16,0.14506249999999998,0.375,0.0,5.0250224721823225,0.11166716604849604,-0.0028342553000000005,-0.045348085,0
voip-96f43326a4-20130324_101528,3,0.21428571428571427,28,0.06042307692307693,0.38461538461538464,0.15384615384615385,5.2904746672333935,0.07347881482268599,-0.0076462068,-0.21409379,0
voip-6d6587c57d-20130329_000439,0,0.0,10,0.0,0.0,0.0,3.81274266653964,0.10033533332999052,-0.008196263,-0.08196263,0
voip-96f43326a4-20130324_100620,11,0.6875,32,0.05143333333333334,0.26666666666666666,0.06666666666666668,3.6841236606292007,0.06351937345912416,-0.0054102692141191995,-0.16771834563769514,0
voip-39a25ab2f8-20130328_150729,3,0.5,12,0.10352,0.4,0.0,3.081291985771468,0.07900748681465301,-0.005760379,-0.06912455,0
voip-e3b4879e0d-20130326_024044,0,0.0,18,-0.0387875,0.125,0.125,3.528435903001806,0.07670512832612622,-0.007606690699999999,-0.13692044,0
voip-31de0daa7b-20130402_132633,11,0.7857142857142857,28,0.12034285714285713,0.42857142857142855,0.07142857142857142,2.839587345070496,0.06453607602432945,-0.005757672697022234,-0.13242647203151134,0
voip-ec3c3aaf98-20130323_142016,4,0.3636363636363637,22,0.05974545454545455,0.18181818181818185,0.0,5.763785154446192,0.08867361776071066,-0.0036356444285653797,-0.07634853299987299,0
voip-2d3d74d091-20130328_182952,8,0.7272727272727273,22,0.06659,0.2,0.1,3.885334943741528,0.10500905253355483,-0.006775435820025833,-0.12873328058049086,0
voip-4660dd9eab-20130329_075906,3,0.3333333333333333,18,0.2085142857142857,0.5714285714285714,0.14285714285714285,3.4219459497399543,0.07777149885772623,-0.0027158046000000003,-0.04888448,0
voip-fe2783c40a-20130401_143504,4,0.5714285714285714,14,0.0,0.14285714285714285,0.14285714285714285,2.2104782005606602,0.0884191280224264,-0.008844896971892852,-0.11498366063460708,0
voip-da10d74c3e-20130326_001657,3,0.5,12,0.11323333333333335,0.3333333333333333,0.0,4.090239392311879,0.09738665219790188,-0.0020952582999999997,-0.025143099999999998,0
voip-10beae627f-20130328_122107,9,0.75,24,-0.020440000000000003,0.2,0.2,1.9675660104192558,0.05786958854174281,-0.004234603624545822,-0.08045746886637062,0
voip-9f989824fd-20130324_072907,7,0.875,16,-0.03047142857142857,0.14285714285714285,0.2857142857142857,2.9021994341439585,0.08535880688658704,-0.00777605712840644,-0.1166408569260966,0
voip-14cb91bc48-20130327_182446,8,0.6153846153846154,26,0.03322,0.2,0.1,3.3066869503037863,0.07348193222897302,-0.00502089405665174,-0.12552235141629353,0
voip-10beae627f-20130401_164712,15,0.8333333333333334,36,0.12598571428571428,0.42857142857142855,0.0,3.542373413481124,0.07084746826962247,-0.002514762514157851,-0.08550192548136692,0
voip-14cb91bc48-20130327_190136,8,0.6153846153846154,26,-0.04257,0.0,0.3,5.137623024699447,0.10275246049398896,-0.003404051464961165,-0.07488913222914563,0
voip-6d6587c57d-20130328_140525,2,0.25,16,0.1519625,0.5,0.0,3.884296140467847,0.08631769201039659,-0.0042609745000000004,-0.06817559,0
voip-7e22911804-20130325_202635,3,0.5,12,-0.004383333333333332,0.16666666666666666,0.16666666666666666,3.5345249578738063,0.07854499906386236,-0.004597434724564664,-0.04597434724564664,0
voip-9819537952-20130328_232122,2,0.25,16,0.00965,0.125,0.0,3.1072424705980954,0.06904983267995768,-0.009178629,-0.14685807,0
voip-52eb280e7b-20130326_212546,6,0.5,24,0.008825,0.08333333333333333,0.08333333333333333,3.13285364431124,0.09214275424444823,-0.006008401568539304,-0.138193236076404,0
voip-78f497f314-20130323_144347,6,0.5,24,-0.02102,0.1,0.2,5.379906505203158,0.08406103914379932,-0.0051806894304096025,-0.09843309917778242,0
voip-340dbb333e-20130327_010913,4,0.25,32,0.11855625,0.375,0.0625,4.604068808472541,0.10707136763889633,-0.0053902163523279365,-0.16709670692216605,0
voip-d66e12b45c-20130327_173320,4,0.8,10,-0.0592,0.0,0.2,2.865106379003583,0.20465045564311307,-0.003299840274848975,-0.0263987221987918,0
voip-88b68a9a41-20130322_221731,15,0.8333333333333334,36,0.14224705882352942,0.5294117647058824,0.1176470588235294,3.9758067409893063,0.06854839208602254,-0.007853143,-0.28271315,0
voip-e3b4879e0d-20130327_031211,2,0.13333333333333333,30,0.04144666666666666,0.2,0.0,5.462619261828326,0.08033263620335772,-0.006721729,-0.20165187,0
voip-64150aca03-20130401_194320,10,0.6666666666666666,30,0.03543076923076924,0.2307692307692308,0.07692307692307693,2.967958939131482,0.0645208465028583,-0.0034947269910480827,-0.08736817477620208,0
voip-7e07d8f0f5-20130328_190156,11,0.8461538461538461,26,0.2325375,0.625,0.0,4.041272948281017,0.09622078448288136,-0.004054366648197174,-0.10135916620492937,0
voip-78f497f314-20130323_183806,0,0.0,6,0.0,0.0,0.0,2.6372089971446027,0.12558138081640965,-0.0071572773,-0.042943664000000006,0
voip-59bc8a2167-20130328_113646,6,0.4615384615384616,26,0.055766666666666666,0.25,0.0,4.3979046908124975,0.08297933378891505,-0.00853404002264142,-0.2133510005660355,0
voip-bde2721237-20130325_154428,5,0.7142857142857143,14,0.0602,0.16666666666666666,0.0,4.039317162372375,0.10098292905930936,-0.006093598,-0.08531037,0
voip-8991b7bff6-20130326_231255,3,0.375,16,0.08308750000000001,0.375,0.0,3.36408187577408,0.07645640626759273,-0.004828632,-0.07725811,0
voip-78f497f314-20130324_203349,4,0.6666666666666666,12,0.04933333333333333,0.16666666666666666,0.0,3.6989844891234047,0.09021913388105864,-0.0075635406999999995,-0.09076249,0
voip-561b472540-20130328_124350,0,0.0,8,0.0,0.0,0.0,3.7833270934866268,0.10225208360774668,-0.004056507,-0.032452054,0
voip-7f9c1c8411-20130328_141000,18,0.8571428571428571,42,0.009627272727272727,0.09090909090909093,0.09090909090909093,3.328195606139863,0.06933740846124715,-0.004596502941756233,-0.1700706088449806,0
voip-5749b16764-20130328_150400,4,0.6666666666666666,12,0.06698333333333333,0.16666666666666666,0.0,3.402507338907077,0.10007374526197288,-0.00937562,-0.11250744,0
voip-48c12815b3-20130326_034916,16,0.64,50,0.014786956521739131,0.21739130434782608,0.13043478260869565,4.782831426304384,0.0597853928288048,-0.007629621861863653,-0.37385147123131895,0
voip-187c1708f2-20130325_130444,10,0.7142857142857143,28,0.005433333333333336,0.08333333333333333,0.08333333333333333,2.5621000260501394,0.0674236848960563,-0.006460521031000938,-0.1679735468060244,0
voip-317a1436fe-20130325_170800,4,0.5714285714285714,14,0.01102857142857143,0.14285714285714285,0.0,3.4715568049063528,0.0938258595920636,-0.007448456700000001,-0.10427839,0
voip-8991b7bff6-20130401_173851,5,0.5555555555555556,18,-0.06507142857142857,0.14285714285714285,0.2857142857142857,5.2057290572326345,0.10623936851495172,-0.0061101372999999995,-0.10998247,0
voip-202b6a3cc4-20130327_184449,4,0.5714285714285714,14,0.12295714285714285,0.2857142857142857,0.0,3.18719170925828,0.08853310303495222,-0.004552942,-0.063741185,0
voip-8efef4eae9-20130325_234031,0,0.0,6,-0.12916666666666668,0.0,0.3333333333333333,3.3685584504772907,0.18714213613762729,-0.005639771500000001,-0.03383863,0
voip-6dbc3573bc-20130328_192107,0,0.0,10,0.01544,0.2,0.0,4.047059460897029,0.09870876733895192,-0.008228974132281209,-0.0740607671905309,0
voip-52d599db9c-20130323_075058,4,0.3076923076923077,26,-0.046638461538461545,0.07692307692307693,0.15384615384615385,5.7893864574002984,0.07930666380000406,-0.005727521892404185,-0.1431880473101046,0
voip-59bc8a2167-20130325_133335,6,0.6,20,0.030355555555555563,0.1111111111111111,0.0,4.289805129456392,0.10213821736800932,-0.004578335379176822,-0.08698837220435962,0
voip-4a6ecc1f1c-20130329_152840,8,0.5333333333333333,30,0.08302142857142858,0.2857142857142857,0.07142857142857142,5.367041693301668,0.0801050999000249,-0.005828988202446108,-0.16904065787093714,0
voip-8991b7bff6-20130401_165927,2,0.2857142857142857,14,0.10014285714285713,0.2857142857142857,0.14285714285714285,3.85199473582348,0.096299868395587,-0.004512301,-0.063172214,0
voip-3be3bda933-20130326_124519,13,0.5909090909090909,44,0.031081818181818183,0.2272727272727273,0.13636363636363635,4.370171099006529,0.05602783460264781,-0.0064635003578760435,-0.27146701503079385,0
voip-935947e17b-20130328_165646,8,0.42105263157894735,38,0.17088124999999998,0.5625,0.0,5.084334673696915,0.0726333524813845,-0.007756695140010884,-0.27924102504039183,0
voip-e0035cc31b-20130323_210352,3,0.42857142857142855,14,0.07984999999999999,0.3333333333333333,0.0,3.9036830789635903,0.10550494808009704,-0.007641274,-0.106977835,0
voip-edb8609855-20130327_182512,0,0.0,14,-0.07002857142857143,0.0,0.2857142857142857,4.5537261472575326,0.08131653834388451,-0.007950843,-0.11131179999999999,0
voip-7f9c1c8411-20130328_141931,16,0.8421052631578947,38,0.020586666666666663,0.26666666666666666,0.0,5.026962485741367,0.07979305532922805,-0.006468985,-0.24582145,0
voip-187c1708f2-20130325_134928,7,0.4666666666666667,30,-0.0017363636363636366,0.0,0.09090909090909093,3.9201901983802587,0.08167062913292207,-0.007613670649930257,-0.22079644884797744,0
voip-78f497f314-20130324_201923,3,0.5,12,0.16935,0.5,0.0,3.3071594297535043,0.08703051130930274,-0.007959043,-0.095508516,0
voip-d225fad9df-20130328_205151,0,0.0,10,0.01544,0.2,0.0,3.9116597418662726,0.08890135776968801,-0.0073329187,-0.07332919,0
voip-31de0daa7b-20130401_220217,17,0.8947368421052632,38,0.2258,0.5,0.0,3.6593717233223986,0.06653403133313453,-0.004751702057940232,-0.17581297614378855,0
voip-a8649977cf-20130323_161448,11,0.7857142857142857,28,-0.0352,0.125,0.25,2.6205649590907405,0.07082607997542542,-0.00615276099415496,-0.14766626385971904,0
voip-0f41c16f2f-20130402_005804,0,0.0,6,0.0,0.0,0.0,2.5080340743039766,0.13933522635022091,-0.0060668946,-0.03640137,0
voip-340dbb333e-20130325_231020,0,0.0,10,0.323875,0.75,0.0,4.598608152007534,0.10219129226683407,-0.005442280999999999,-0.054422807000000004,0
voip-e3b4879e0d-20130326_215705,9,0.5,36,-0.07119411764705882,0.05882352941176471,0.29411764705882354,5.182995415331939,0.08359670024728934,-0.005934272282729579,-0.18989671304734654,0
voip-10beae627f-20130328_125615,13,0.5416666666666666,48,0.18746666666666667,0.4166666666666667,0.041666666666666664,5.807792912630696,0.07351636598266703,-0.0054256264754157105,-0.2441531913937069,0
voip-8991b7bff6-20130326_230855,5,0.4166666666666667,24,0.06295454545454546,0.18181818181818185,0.09090909090909093,3.7788919151726903,0.07712024316678959,-0.006448506721591746,-0.14186714787501842,0
voip-199d62165b-20130402_124137,8,0.5714285714285714,28,0.05968571428571427,0.21428571428571427,0.07142857142857142,5.332371575512841,0.08079350871989154,-0.005529873,-0.15483645,0
voip-c8821c664b-20130322_222908,2,0.2222222222222222,18,0.025144444444444445,0.1111111111111111,0.0,4.290158779876576,0.08250305345916492,-0.0046979357,-0.08456284,0
voip-39a25ab2f8-20130329_010257,6,0.5,24,0.04187272727272727,0.2727272727272727,0.09090909090909093,4.769894106760319,0.0935273354266729,-0.003874392197411951,-0.08136223614565098,0
voip-10beae627f-20130328_164850,3,0.6,10,0.3447,0.6,0.0,2.9795496997275186,0.13543407726034176,-0.006304548,-0.06304548,0
voip-4c0d36762a-20130328_201131,22,0.9166666666666666,48,0.0878611111111111,0.4444444444444444,0.2222222222222222,2.8012272634331072,0.08003506466951735,-0.006834655657850975,-0.3143941602611449,0
voip-10beae627f-20130329_125733,6,0.2727272727272727,44,0.10779999999999998,0.42105263157894735,0.0,4.682910949863153,0.057813715430409314,-0.007146397408048091,-0.3001486911380198,0
voip-e72dba1759-20130325_210429,3,0.3333333333333333,18,0.026422222222222225,0.4444444444444444,0.1111111111111111,4.000799471886603,0.07408887910901117,-0.007371858707355227,-0.12532159802503884,0
voip-fe2783c40a-20130401_150659,5,0.4166666666666667,24,0.11935833333333333,0.4166666666666667,0.0,5.271659894387429,0.08786099823979047,-0.0037202088,-0.08928501,0
voip-908884f5fd-20130326_235015,0,0.0,10,0.08807999999999999,0.2,0.0,4.200165773523281,0.09333701718940624,-0.004268232,-0.04268232,0
voip-52d599db9c-20130323_074800,2,0.2222222222222222,18,0.060666666666666674,0.2222222222222222,0.0,4.300963557189769,0.08433261876842686,-0.0072530266,-0.13055448,0
voip-908884f5fd-20130327_000655,2,0.5,8,0.0193,0.25,0.0,2.8757371567115486,0.09916335023143273,-0.00873192,-0.06985536,0
voip-d225fad9df-20130328_204846,2,0.18181818181818185,22,0.03246,0.1,0.1,5.028013782093316,0.07856271534520805,-0.005441533399999999,-0.11971373,0
voip-317a1436fe-20130325_142027,8,0.3809523809523809,42,0.02153333333333333,0.16666666666666666,0.05555555555555555,6.3009355988474915,0.07684067803472552,-0.006341686341329478,-0.2536674536531791,0
voip-b57f8ee22b-20130325_190707,6,0.8571428571428571,14,0.14925,0.6666666666666666,0.0,2.6714682160128174,0.09540957914331492,-0.0041084929999999995,-0.057518902999999996,0
voip-f113dbb0e1-20130322_234230,9,0.75,24,0.21928333333333336,0.5833333333333334,0.0,4.395879224632868,0.09556259183984496,-0.003637425435174789,-0.07638593413867056,0
voip-22c938c8ba-20130325_130445,8,0.5714285714285714,28,-0.010408333333333335,0.25,0.25,3.363102860057085,0.05605171433428476,-0.0063301263101123,-0.1709134103730321,1
voip-9f989824fd-20130325_204229,0,0.0,16,0.07984999999999999,0.3333333333333333,0.0,3.997889624866651,0.09518784821111076,-0.006688508,-0.10701613,1
voip-bde2721237-20130326_200505,0,0.0,10,0.01544,0.2,0.0,4.4125792521627245,0.1002858920946074,-0.0046954723802628,-0.0422592514223652,1
voip-a7ddefaeb3-20130328_173142,18,0.72,50,0.12184736842105262,0.3684210526315789,0.05263157894736842,5.561024891996691,0.07514898502698232,-0.0034549897479693122,-0.15892952840658836,1
voip-db80a9e6df-20130328_230211,0,0.0,12,0.050583333333333334,0.3333333333333333,0.0,4.25987362864101,0.08874736726335437,-0.0071744327,-0.086093195,1
voip-afd3aa91f0-20130325_230434,0,0.0,16,0.0502375,0.125,0.0,5.6786709474127015,0.09159146689375326,-0.0057370192,-0.09179231,1
voip-8586129f35-20130328_160121,4,0.2857142857142857,28,0.02734285714285714,0.21428571428571427,0.21428571428571427,4.7499122721277764,0.06333216362837034,-0.004014093643770768,-0.10436643473803996,1
voip-b08f15a787-20130402_065804,0,0.0,14,0.0083,0.14285714285714285,0.14285714285714285,4.763032066949056,0.08986852956507653,-0.007203311775811017,-0.09364305308554323,1
voip-b6618de447-20130326_211132,0,0.0,12,0.02573333333333333,0.3333333333333333,0.0,3.1324222966430284,0.07119141583279609,-0.008355276,-0.100263305,1
voip-fbd422ad18-20130328_181748,2,0.25,16,0.0598875,0.25,0.0,3.3523407717652454,0.06573217199539698,-0.0047213826,-0.07554212,1
voip-f091d0e461-20130327_210252,0,0.0,14,0.0969857142857143,0.42857142857142855,0.0,4.8259739466451315,0.09462694013029667,-0.003857409174088389,-0.05014631926314905,1
voip-7e22911804-20130324_184015,9,0.6923076923076923,26,0.007018181818181818,0.09090909090909093,0.0,3.6288590508280714,0.0756012302255848,-0.006788866275557033,-0.15614392433781174,1
voip-4f069a4136-20130402_034737,0,0.0,16,0.06571428571428571,0.2857142857142857,0.14285714285714285,5.1708533153185705,0.087641581615569,-0.004361559,-0.06978495,1
voip-fe4b6ef58f-20130325_224823,2,0.3333333333333333,12,0.011620000000000002,0.2,0.2,4.159661549900189,0.09453776249773158,-0.008064246,-0.09677095,1
voip-da10d74c3e-20130326_002258,2,0.2857142857142857,14,0.17094285714285712,0.42857142857142855,0.0,4.987712808341528,0.10391068350711516,-0.0066747659999999995,-0.09344672400000001,1
voip-e8997b10da-20130327_200112,0,0.0,14,0.044585714285714284,0.2857142857142857,0.14285714285714285,4.19119542585235,0.083823908517047,-0.005864032,-0.08209645,1
voip-4f069a4136-20130402_030550,6,0.4,30,0.024880000000000003,0.2,0.06666666666666668,4.369083555952258,0.06521020232764564,-0.005939793465899882,-0.17225401051109654,1
voip-72e50baa85-20130327_061457,13,0.8125,32,-0.01981333333333334,0.13333333333333333,0.2,3.198711644253684,0.06151368546641699,-0.007067413309649114,-0.21908981259912247,1
voip-d7853a398f-20130401_152711,0,0.0,10,0.0,0.0,0.0,3.590386940013752,0.08757041317106712,-0.00930888,-0.0930888,1
voip-72e50baa85-20130326_051315,4,0.4444444444444444,18,-0.08615555555555557,0.2222222222222222,0.2222222222222222,4.154329449722305,0.07838357452306237,-0.008432757265194702,-0.14335687350830995,1
voip-e54437a6f0-20130326_195047,8,0.4444444444444444,36,-0.01857777777777778,0.16666666666666666,0.16666666666666666,4.776184060767429,0.056859334056755126,-0.0066284659999999995,-0.23862477,1
voip-0f41c16f2f-20130401_235017,2,0.25,16,0.0598875,0.25,0.0,3.8797649937499465,0.07461086526442204,-0.007944662348433797,-0.11122527287807316,1
voip-ef9aa63b85-20130329_125741,2,0.2857142857142857,14,-0.01371428571428571,0.2857142857142857,0.2857142857142857,4.876397216458409,0.08866176757197107,-0.005786329000000001,-0.081008606,1
voip-187c1708f2-20130325_134301,0,0.0,8,0.0193,0.25,0.0,3.3045764257581616,0.11395091123304005,-0.007293899499999999,-0.058351195999999994,1
voip-0a45bc863d-20130325_202319,2,0.3333333333333333,12,0.012866666666666669,0.16666666666666666,0.0,4.238753885374597,0.09214682359509993,-0.005492698000000001,-0.06591237,1
voip-b08f15a787-20130326_022327,2,0.3333333333333333,12,0.006500000000000002,0.16666666666666666,0.3333333333333333,3.9003901556288887,0.09750975389072222,-0.0038780309999999997,-0.04653637,1
voip-dda7c88c6e-20130323_055048,8,0.7272727272727273,22,0.00965,0.125,0.0,3.5976117212686414,0.09467399266496423,-0.007971459,-0.17537211,1
voip-263ab0e49f-20130326_104358,0,0.0,14,0.10287142857142856,0.2857142857142857,0.0,5.696750414335563,0.09494584023892606,-0.003790147782031757,-0.045481773384381086,1
voip-4660dd9eab-20130329_080055,2,0.3333333333333333,12,-0.03646666666666667,0.16666666666666666,0.16666666666666666,3.0989376660282337,0.10329792220094114,-0.009195179665564664,-0.08275661699008198,1
voip-7e07d8f0f5-20130328_192048,2,0.2222222222222222,18,0.0332,0.3333333333333333,0.1111111111111111,4.210952072614834,0.08421904145229668,-0.006403516385676887,-0.10885977855650708,1
voip-52d599db9c-20130402_001953,0,0.0,10,-0.062060000000000004,0.2,0.2,4.222008644927969,0.09818624755646436,-0.0061771413,-0.06177141,1
voip-6dbc3573bc-20130328_191808,2,0.3333333333333333,12,0.0,0.0,0.0,3.751433966903311,0.08724265039310028,-0.009053169,-0.108638026,1
voip-e2a895cfe5-20130326_232742,0,0.0,6,0.02573333333333333,0.3333333333333333,0.0,3.732778743284276,0.10978761009659634,-0.0041292379999999995,-0.024775428999999998,1
voip-e3b4879e0d-20130326_022732,0,0.0,12,0.03323333333333334,0.3333333333333333,0.16666666666666666,3.7529397354302585,0.08529408489614224,-0.0074549559999999996,-0.08945947,1
voip-202b6a3cc4-20130327_184721,2,0.3333333333333333,12,0.012866666666666669,0.16666666666666666,0.0,3.200218253708263,0.09143480724880752,-0.006393428860147568,-0.07032771746162325,1
voip-249d0f617b-20130326_010500,0,0.0,10,0.0,0.0,0.0,3.577064210211669,0.09936289472810192,-0.00648063880443159,-0.058325749239884324,1
voip-03c2655d43-20130327_194221,0,0.0,6,0.02573333333333333,0.3333333333333333,0.0,2.8511262815099427,0.12396201223956273,-0.007023469,-0.042140815,1
voip-5cf59cc660-20130328_161054,3,0.5,12,0.1503,0.3333333333333333,0.16666666666666666,3.5657202991803945,0.09637081889676742,-0.005430559000000001,-0.06516671,1
voip-8d5173f3a6-20130324_185203,4,0.6666666666666666,12,0.07464,0.4,0.0,2.8774817669573123,0.09922350920542454,-0.0061659017,-0.07399082,1
voip-fe4b6ef58f-20130325_233144,0,0.0,10,0.01544,0.2,0.0,3.789462946208364,0.0861241578683719,-0.0073933415,-0.073933415,1
voip-50af5438f1-20130327_041542,2,0.2222222222222222,18,0.008577777777777778,0.1111111111111111,0.0,4.19490573398084,0.07490903096394358,-0.006850112606116454,-0.10960180169786328,1
voip-4f069a4136-20130327_205819,2,0.3333333333333333,12,0.011620000000000002,0.2,0.2,4.330266287362758,0.08170313749741055,-0.005273324,-0.06327989,1
voip-597cfafdee-20130402_010910,4,0.4,20,0.07837000000000001,0.2,0.0,4.936359326256585,0.08660279519748394,-0.004538651165442871,-0.07715706981252879,1
voip-50af5438f1-20130402_085256,2,0.2,20,0.03732,0.2,0.0,5.222457262694089,0.09162205724024718,-0.005173972337567983,-0.09830547441379167,1
voip-e0035cc31b-20130326_210405,2,0.25,16,0.0211,0.375,0.125,4.147279488174799,0.06912132480291333,-0.007664992124773563,-0.11497488187160344,1
voip-00d76b791d-20130327_012331,0,0.0,10,0.01544,0.2,0.0,3.5922224228837596,0.08761518104594537,-0.004585582664326971,-0.04127024397894274,1
voip-22c938c8ba-20130325_123407,10,0.5263157894736842,38,0.10885882352941176,0.35294117647058826,0.0,4.3239671431546105,0.06551465368416076,-0.007288663164431722,-0.24781454759067856,1
voip-f17e3b578c-20130328_174111,0,0.0,14,0.01102857142857143,0.14285714285714285,0.0,4.231037360380698,0.08296151687020979,-0.003529464687184932,-0.04588304093340412,1
voip-b57f8ee22b-20130325_185315,4,0.3636363636363637,22,0.005927272727272732,0.09090909090909093,0.09090909090909093,4.579367390261736,0.08480309981966178,-0.004654535549343563,-0.09309071098687127,1
voip-50af5438f1-20130402_084400,0,0.0,16,0.001799999999999996,0.125,0.125,4.640616399681738,0.08593734073484703,-0.004925121675478294,-0.07387682513217443,1
voip-22756d9e8f-20130329_050114,2,0.2222222222222222,18,0.017155555555555556,0.2222222222222222,0.0,4.7737168569532304,0.07956194761588717,-0.00758373,-0.13650714,1
voip-d225fad9df-20130328_183352,0,0.0,10,0.011620000000000002,0.2,0.2,4.5045453504418775,0.09009090700883757,-0.0047460375,-0.047460373,1
voip-187c1708f2-20130325_134104,2,0.3333333333333333,12,0.01544,0.2,0.0,2.8614528917682627,0.0923049319925246,-0.008584906,-0.10301888,1
voip-4c0d36762a-20130328_203937,0,0.0,12,0.012866666666666669,0.16666666666666666,0.0,4.364278236822272,0.09092246326713063,-0.003402000647673214,-0.03742200712440536,1
voip-9735278861-20130401_155528,0,0.0,12,0.10065,0.3333333333333333,0.0,3.7222929936963283,0.08271762208214065,-0.0047048037,-0.056457642,1
voip-fdf8b50918-20130329_042348,2,0.4,10,-0.0052599999999999964,0.2,0.2,3.3115358133321267,0.08714567929821385,-0.006246709699999999,-0.06246709999999999,1
voip-90732b027d-20130327_183400,2,0.25,16,0.0968875,0.375,0.0,3.4832551594078613,0.07108683998791553,-0.0071298415,-0.114077464,1
voip-88b68a9a41-20130322_221603,0,0.0,8,0.18575,0.5,0.0,4.032188043477482,0.0960044772256543,-0.00517655727786145,-0.03623590094503015,1
voip-e9b53d6ace-20130324_223300,2,0.4,10,0.0386,0.5,0.0,3.1359607422333533,0.09799877319479228,-0.00478262,-0.04782619999999999,1
voip-aaa44b4121-20130326_055421,0,0.0,10,0.08768000000000001,0.4,0.0,3.1962340301814502,0.08638470351841758,-0.0056977948018660145,-0.05128015321679413,1
voip-52d599db9c-20130402_002522,2,0.2222222222222222,18,0.13578888888888888,0.4444444444444444,0.0,5.220221871423781,0.09321824770399607,-0.002476099,-0.044569782999999995,1
voip-3b3edac94d-20130324_202415,7,0.5384615384615384,26,0.06276923076923077,0.2307692307692308,0.07692307692307693,4.614591124639273,0.06887449439760109,-0.00535835,-0.1393171,1
voip-5cf59cc660-20130328_171914,0,0.0,8,-0.096875,0.0,0.25,3.6369334066859436,0.09829549747799846,-0.0061630327,-0.04930426,1
voip-9f989824fd-20130324_075833,0,0.0,14,0.015266666666666663,0.3333333333333333,0.16666666666666666,4.238883543456142,0.08311536359717925,-0.006618450400000001,-0.09265830000000001,1
voip-72e50baa85-20130326_053934,0,0.0,12,-0.05171666666666667,0.16666666666666666,0.16666666666666666,4.563943566306957,0.08611214276050863,-0.0076134535,-0.09136144,1
voip-2d2d103292-20130326_044020,0,0.0,16,-0.0484375,0.0,0.125,4.4768553672210345,0.08609337244655832,-0.006801527104107663,-0.10202290656161496,1
voip-b08f15a787-20130326_021953,0,0.0,14,0.06571428571428571,0.2857142857142857,0.14285714285714285,4.217558756302454,0.07957658030759347,-0.005042829600000001,-0.07059961599999999,1
voip-6dbc3573bc-20130328_193216,0,0.0,6,0.02573333333333333,0.3333333333333333,0.0,2.930351514235808,0.1046554112227074,-0.005609151,-0.033654906,1
voip-43479eb5c2-20130324_003643,0,0.0,10,0.03088,0.4,0.0,3.4653066534628834,0.09625851815174674,-0.00632149,-0.0632149,1
voip-b27a230d2e-20130329_034847,0,0.0,8,0.0193,0.25,0.0,3.3741209537566985,0.10224608950777872,-0.0072839097,-0.058271277999999996,1
voip-db80a9e6df-20130328_230014,0,0.0,14,-0.04432857142857143,0.14285714285714285,0.14285714285714285,5.1771344582255985,0.0750309341771826,-0.007424780600000001,-0.10394693,1
voip-52eb280e7b-20130326_213227,0,0.0,12,0.0622,0.3333333333333333,0.0,3.730063139016371,0.09325157847540927,-0.009230834,-0.11077001,1
voip-52d599db9c-20130325_135450,2,0.3333333333333333,12,0.02255,0.3333333333333333,0.16666666666666666,4.046727205626008,0.09410993501455832,-0.004331680543890054,-0.04764848598279059,1
voip-b20b6e847a-20130326_222313,0,0.0,8,-0.096875,0.0,0.25,4.1335632464932734,0.09612937782542497,-0.0058971996999999995,-0.047177598,1
voip-f091d0e461-20130327_210653,0,0.0,14,0.13799999999999998,0.42857142857142855,0.0,4.091748149291594,0.0743954208962108,-0.002907677,-0.04070748,1
voip-5cf59cc660-20130328_160946,0,0.0,8,0.0193,0.25,0.0,2.864050487422063,0.09546834958073544,-0.0063102819999999995,-0.050482254000000004,1
voip-fe2783c40a-20130401_144037,2,0.3333333333333333,12,0.0,0.0,0.0,3.648439302590909,0.09121098256477274,-0.0027340349320597443,-0.030074384252657183,1
voip-88b68a9a41-20130324_003412,0,0.0,10,0.08653999999999999,0.6,0.2,4.3552212180477285,0.09266428123505806,-0.00720743,-0.07207430000000001,1
voip-48c12815b3-20130402_051808,0,0.0,14,0.02205714285714286,0.2857142857142857,0.0,4.024799503796887,0.08213876538360994,-0.008412232,-0.117771246,1
voip-187c1708f2-20130325_135219,0,0.0,14,0.07666666666666666,0.3333333333333333,0.16666666666666666,3.4696117155137487,0.09130557146088814,-0.006587473000000001,-0.09222463,1
voip-fdf8b50918-20130329_013925,2,0.25,16,-0.06458333333333334,0.0,0.16666666666666666,3.7583198903527175,0.07996425298622803,-0.004650861,-0.07441378,1
voip-36440f7305-20130326_201757,0,0.0,16,0.01102857142857143,0.14285714285714285,0.0,3.5214568567479296,0.06772032416822941,-0.007632886280771346,-0.11449329421157015,1
voip-ddcaad92a1-20130326_010701,0,0.0,14,0.05331428571428571,0.2857142857142857,0.0,4.4152444284872665,0.08027717142704119,-0.0037338709999999997,-0.052274194,1
voip-e30cb521fb-20130328_122635,2,0.25,16,0.26905,0.625,0.125,4.622929914166785,0.07578573629781615,-0.0034444663,-0.05511146,1
voip-e54437a6f0-20130325_133648,9,0.6428571428571429,28,0.15184999999999998,0.5,0.08333333333333333,3.1580283202599,0.06073131385115192,-0.005960981348135437,-0.15498551505152136,1
voip-22a181cad5-20130326_022324,2,0.2222222222222222,18,-0.0015888888888888927,0.2222222222222222,0.1111111111111111,4.762704390304687,0.07937840650507809,-0.008091912,-0.14565441,1
voip-14f776f781-20130328_151904,3,0.42857142857142855,14,0.14345,0.3333333333333333,0.0,2.9334772439697163,0.06241440944616417,-0.006610060314415023,-0.0859307840873953,1
voip-52d599db9c-20130326_214615,6,0.5454545454545454,22,0.06181111111111112,0.3333333333333333,0.0,3.887300832803796,0.08638446295119548,-0.006147164,-0.13523759999999999,1
voip-ab4f1dbb59-20130325_214838,0,0.0,8,-0.077575,0.25,0.25,3.551020518029741,0.10145772908656404,-0.0065682316,-0.052545853,1
voip-eaef6f434c-20130323_025316,2,0.4,10,0.09582,0.4,0.0,3.853758691701795,0.10415564031626473,-0.0038062972,-0.03806297,1
voip-f32f2cfdae-20130327_013132,2,0.25,16,0.039325,0.25,0.125,3.817164937611862,0.07068823958540485,-0.0073754666,-0.11800746599999999,1
voip-a31ca3e355-20130323_222931,11,0.6111111111111112,36,0.01960714285714285,0.21428571428571427,0.14285714285714285,4.291766917265433,0.06219952054007875,-0.0072316504,-0.2603394,1
voip-155e939ebc-20130327_203128,0,0.0,12,0.012866666666666669,0.16666666666666666,0.0,3.841960316176792,0.08537689591503983,-0.0070586186,-0.08470342,1
voip-30772678da-20130328_192819,2,0.2222222222222222,18,0.0008777777777777753,0.2222222222222222,0.1111111111111111,4.662754906875566,0.08634731309028829,-0.007312546,-0.13162583,1
voip-7e22911804-20130324_184843,2,0.4,10,0.09008,0.6,0.0,3.1882284360176913,0.09109224102907687,-0.005215466,-0.05215466,1
voip-e2a895cfe5-20130325_233234,0,0.0,14,0.01102857142857143,0.14285714285714285,0.0,3.621302944501444,0.06964044124041238,-0.0072013335,-0.10081867,1
voip-bb1fd497eb-20130325_132300,3,0.375,16,0.0979625,0.25,0.0,4.205460998506177,0.07509751783046745,-0.0067780161509290345,-0.1016702422639355,1
voip-2c217000af-20130325_221701,0,0.0,12,0.06344999999999999,0.5,0.0,3.6756160532271083,0.08353672848243426,-0.007069562,-0.08483475,1
voip-8991b7bff6-20130401_174504,0,0.0,14,0.0020571428571428524,0.14285714285714285,0.14285714285714285,4.8676130743583,0.09184175611996792,-0.004825486320232113,-0.06273132216301748,1
voip-aaa44b4121-20130327_171617,0,0.0,10,-0.08132,0.0,0.4,4.337074441528024,0.09428422698973968,-0.0041886168,-0.04188617,1
voip-e72dba1759-20130325_210917,4,0.3333333333333333,24,0.093,0.25,0.125,5.237200393083934,0.08057231373975282,-0.004711651026313615,-0.10365632257889956,1
voip-a31ca3e355-20130323_234926,8,0.7272727272727273,22,0.12724000000000002,0.4,0.0,4.446044877648394,0.08550086303169988,-0.0051319543,-0.11290299,1
voip-561b472540-20130328_123209,0,0.0,14,0.13434285714285715,0.42857142857142855,0.0,3.9584647502886985,0.0776169558880137,-0.006450636871914657,-0.08385827933489054,1
voip-22756d9e8f-20130329_045435,4,0.5714285714285714,14,0.012866666666666669,0.16666666666666666,0.0,4.158464840323341,0.07700860815413595,-0.006442411701965074,-0.08375135212554596,1
voip-597cfafdee-20130402_005206,2,0.2857142857142857,14,0.06262857142857144,0.2857142857142857,0.0,4.773225095714187,0.07824959173301944,-0.0053998404000000005,-0.07559776,1
voip-ad40cf5489-20130325_175141,0,0.0,14,0.03308571428571429,0.42857142857142855,0.0,3.900685190777544,0.0812642748078655,-0.007981903,-0.11174664,1
voip-4c25da9a27-20130327_141034,0,0.0,16,0.00965,0.125,0.0,4.890734132187327,0.08733453807477369,-0.00902736158265422,-0.13541042373981327,1
voip-afd3aa91f0-20130325_225729,6,0.5454545454545454,22,0.10013999999999998,0.4,0.0,4.724851910782297,0.08749725760707958,-0.0065820440000000004,-0.14480497,1
voip-597cfafdee-20130328_234346,2,0.2,20,0.05323333333333333,0.2222222222222222,0.0,4.838629408949927,0.08797508016272597,-0.004798942603979652,-0.0911799094756134,1
voip-869dd52548-20130401_175624,0,0.0,14,0.01102857142857143,0.14285714285714285,0.0,4.36669965274345,0.0909729094321552,-0.006811239,-0.09535734,1
voip-dd9f7810fd-20130322_224705,0,0.0,10,-0.062060000000000004,0.2,0.2,4.260592357100957,0.10391688675855992,-0.0042051203,-0.042051204,1
voip-e9b53d6ace-20130324_222642,0,0.0,8,0.0193,0.25,0.0,4.1588784521642355,0.09902091552771987,-0.0073007992,-0.058406394,1
voip-dcaeb62b29-20130327_081541,0,0.0,10,-0.0775,0.0,0.2,3.1791013140749627,0.08830836983541562,-0.0065468997,-0.065469,1
voip-d7aef99178-20130328_184726,2,0.4,10,0.03088,0.4,0.0,3.1487300845808863,0.12110500325311101,-0.008709040500000001,-0.0870904,1
voip-318851c80b-20130328_220341,4,0.4,20,0.06987000000000003,0.5,0.1,4.320097968039631,0.07714460657213627,-0.004872629458795449,-0.09257995971711352,1
voip-d225fad9df-20130328_205512,6,0.6666666666666666,18,0.008577777777777778,0.1111111111111111,0.0,3.7272535995531215,0.08471030908075278,-0.0061944135999999995,-0.11149944,1
voip-e8997b10da-20130329_011626,0,0.0,14,0.22517142857142852,0.7142857142857143,0.14285714285714285,4.026357739137693,0.08566718593909986,-0.0035411182000000003,-0.049575657,1
voip-e54437a6f0-20130325_131749,0,0.0,8,0.1836,0.75,0.0,3.3186498578953936,0.09481856736843984,-0.005414073399999999,-0.043312587,1
voip-4c25da9a27-20130325_181701,0,0.0,14,0.12492857142857144,0.5714285714285714,0.0,4.162611823213287,0.0730282776002331,-0.005776196999999999,-0.08086676,1
voip-03d6592b76-20130326_012136,2,0.4,10,0.15132,0.6,0.0,3.419689144243702,0.08999181958536058,-0.007859904000000001,-0.07859904,1
voip-e54437a6f0-20130325_141052,2,0.25,16,0.0193,0.25,0.0,4.381418291739907,0.0796621507589074,-0.007977047,-0.12763275,1
voip-52eb280e7b-20130325_131334,0,0.0,6,0.0,0.0,0.0,3.0467914784161945,0.11284412883022946,-0.006259333299999999,-0.037556,1
voip-7e22911804-20130324_193050,0,0.0,18,0.08544444444444445,0.3333333333333333,0.1111111111111111,4.1734152381903815,0.07588027705800691,-0.005533716278424596,-0.09407317673321812,1
voip-7e22911804-20130327_202516,4,0.2857142857142857,28,0.02283076923076923,0.3076923076923077,0.07692307692307693,3.0119116349088992,0.0537841363376589,-0.00787083018803969,-0.20464158488903195,1
voip-aaa44b4121-20130326_051152,6,0.42857142857142855,28,0.06002142857142857,0.21428571428571427,0.0,4.971044433785197,0.0741946930415701,-0.002493812297470868,-0.06234530743677169,1
voip-e0035cc31b-20130326_205255,0,0.0,6,0.05146666666666667,0.6666666666666666,0.0,2.954687893745912,0.11364184206715047,-0.006386939,-0.038321633,1
voip-fe4b6ef58f-20130325_233912,4,0.4,20,0.09062,0.4,0.0,4.944222157544614,0.08105282225482974,-0.006602515994975539,-0.12544780390453525,1
voip-d7853a398f-20130401_161556,0,0.0,12,-0.06458333333333334,0.0,0.16666666666666666,3.376282759530121,0.07673369908023002,-0.008194451,-0.09833342,1
voip-bb1fd497eb-20130326_232439,2,0.2,20,-0.014419999999999999,0.1,0.2,3.4125526514412527,0.06438778587625006,-0.004274565982325983,-0.08121675366419367,1
voip-249d0f617b-20130328_161812,2,0.5,8,0.0,0.0,0.0,3.567806102823495,0.1427122441129398,-0.0028278716,-0.022622972999999998,1
voip-52eb280e7b-20130326_212826,0,0.0,12,0.0,0.0,0.0,3.5401963168787924,0.08233014690415796,-0.007241542945848778,-0.07965697240433656,1
voip-2d2d103292-20130329_042056,2,0.4,10,0.01544,0.2,0.0,3.518776204437473,0.09510205957939118,-0.00416767265738195,-0.03750905391643755,1
voip-a8649977cf-20130323_160311,0,0.0,8,0.02573333333333333,0.3333333333333333,0.0,2.986747402608049,0.1066695500931446,-0.0076634353,-0.061307482,1
voip-59bc8a2167-20130328_130054,4,0.4,20,0.054429999999999985,0.3,0.1,4.947074840152684,0.09894149680305367,-0.004602314380463214,-0.08284165884833783,1
voip-31d9d1a567-20130402_035757,0,0.0,8,0.0193,0.25,0.0,4.271866468916371,0.10679666172290928,-0.0038561448,-0.030849158999999998,1
voip-b27a230d2e-20130329_033804,0,0.0,10,-0.046620000000000016,0.4,0.2,3.5322831986862893,0.07849518219302865,-0.008843704,-0.08843704,1
voip-62cc0cc55d-20130323_155046,2,0.2857142857142857,14,0.07984999999999999,0.3333333333333333,0.0,4.069972885047333,0.08847767141407246,-0.004462212,-0.06247097,1
voip-9735278861-20130401_154251,4,0.3333333333333333,24,0.06872727272727272,0.2727272727272727,0.09090909090909093,4.888652137431445,0.07189194319752125,-0.004431766,-0.10636239,1
voip-13ff413553-20130328_180202,0,0.0,16,0.0695375,0.375,0.0,4.0917784779003705,0.08023095054706607,-0.004836321404824654,-0.07254482107236981,1
voip-b57f8ee22b-20130325_185940,0,0.0,10,0.02308,0.2,0.0,4.384779566421011,0.09134957430043776,-0.009074329,-0.090743296,1
voip-583e7cede5-20130324_060405,0,0.0,8,0.1096,0.5,0.0,3.242998581110671,0.09827268427608096,-0.0065983636,-0.05278691,1
voip-4f069a4136-20130327_205937,11,0.8461538461538461,26,0.011876923076923078,0.15384615384615385,0.0,4.282990845701728,0.08565981691403457,-0.0054092353080784005,-0.12441241208580325,1
voip-dcaeb62b29-20130327_084207,0,0.0,10,0.01544,0.2,0.0,4.006616633827436,0.12141262526749805,-0.006914961999999999,-0.06914962,1
voip-58047f5227-20130327_032835,2,0.4,10,0.09545,0.25,0.0,4.414480181023656,0.09809955957830344,-0.009435566999999999,-0.09435567,1
voip-3b3edac94d-20130323_201535,0,0.0,12,0.18938333333333326,0.6666666666666666,0.0,5.4096487608335755,0.10403170693910724,-0.0033155128000000003,-0.039786153,1
voip-2d3d74d091-20130328_191642,10,0.9090909090909092,22,0.13339,0.6,0.0,3.1693629371318366,0.08803785936477324,-0.0034190128,-0.07521828,1
voip-e0035cc31b-20130323_211354,0,0.0,12,0.02573333333333333,0.3333333333333333,0.0,4.704244589420799,0.094084891788416,-0.00823725,-0.098847,1
voip-bde2721237-20130325_162622,0,0.0,6,0.0,0.0,0.0,3.5204715523958097,0.1257311268712789,-0.0045071184,-0.02704271,1
voip-4a6ecc1f1c-20130328_121528,0,0.0,20,0.0396,0.3333333333333333,0.1111111111111111,4.554710998583946,0.07116735935287416,-0.0075595803,-0.1511916,1
voip-13ff413553-20130328_175302,3,0.21428571428571427,28,0.07915384615384614,0.38461538461538464,0.0,4.558697298997777,0.06804025819399667,-0.0046473585136010565,-0.1254786798672285,1
voip-b772dbf437-20130402_141548,0,0.0,14,0.04732857142857143,0.2857142857142857,0.14285714285714285,5.189167270939831,0.08648612118233051,-0.005004633,-0.070064865,1
voip-dcaeb62b29-20130327_083422,0,0.0,18,0.008577777777777778,0.1111111111111111,0.0,4.719216288479955,0.0943843257695991,-0.0058546616997131535,-0.0995292488951236,1
voip-dcaeb62b29-20130327_081209,5,0.35714285714285715,28,0.06002142857142857,0.21428571428571427,0.0,4.830443513160041,0.0766737065580959,-0.008686592,-0.24322456,1
voip-187c1708f2-20130325_131829,0,0.0,12,0.012866666666666669,0.16666666666666666,0.0,3.080400012621768,0.08556666701727132,-0.0053308936999999995,-0.06397072,1
voip-52eb280e7b-20130325_130950,0,0.0,14,0.01102857142857143,0.14285714285714285,0.0,4.4535851721779975,0.08907170344355993,-0.008694982147202471,-0.1130347679136321,1
voip-6d6587c57d-20130328_143034,4,0.5714285714285714,14,0.01102857142857143,0.14285714285714285,0.0,3.5632544117244223,0.08286638166800983,-0.008265761,-0.11572065,1
voip-10beae627f-20130328_170907,0,0.0,12,0.012866666666666669,0.16666666666666666,0.0,4.340737027063128,0.085112490726728,-0.007318402,-0.08782083,1
voip-36440f7305-20130327_195221,12,0.7058823529411765,34,0.05450714285714287,0.14285714285714285,0.0,3.9248251850355262,0.07008616401849152,-0.003368279940332286,-0.10778495809063317,1
voip-b6618de447-20130326_211551,0,0.0,12,0.10518333333333336,0.5,0.0,4.1981734787528735,0.08396346957505749,-0.010096862,-0.12116235,1
voip-2e134ee190-20130401_230615,2,0.3333333333333333,12,-0.15236666666666665,0.0,0.3333333333333333,4.436285340463856,0.100824666828724,-0.004161552151675674,-0.04577707366843242,1
voip-aaa44b4121-20130327_170337,2,0.2,20,0.13785999999999998,0.4,0.1,4.900150045997538,0.07424469766662936,-0.007695880699999999,-0.15391761,1
voip-05e7a5440b-20130328_211839,0,0.0,10,0.0592,0.2,0.0,3.761527919942822,0.09403819799857056,-0.0076396866,-0.07639687,1
voip-ef9aa63b85-20130329_131544,5,0.4166666666666667,24,-0.03216666666666667,0.3333333333333333,0.3333333333333333,5.096829890073948,0.07841276753959919,-0.007005188957049066,-0.16111934601212852,1
voip-583e7cede5-20130324_060002,0,0.0,14,-0.04705714285714286,0.14285714285714285,0.2857142857142857,4.7229509466439845,0.08911228201215066,-0.00654357,-0.091609985,1
voip-2f4c700ae3-20130401_190613,0,0.0,14,0.07394285714285716,0.2857142857142857,0.0,2.9959202662808853,0.08322000739669126,-0.008197245,-0.11476143,1
voip-ad40cf5489-20130327_192405,0,0.0,6,0.02573333333333333,0.3333333333333333,0.0,2.8605238838708327,0.1144209553548333,-0.0026916687,-0.016150013,1
voip-2f209793f4-20130326_005104,2,0.4,10,0.01544,0.2,0.0,3.1741436510524816,0.10945322934663727,-0.0060035726,-0.060035724000000006,1
voip-d66e12b45c-20130327_172835,8,0.8,20,0.012866666666666669,0.16666666666666666,0.0,3.9925507818808885,0.11090418838558022,-0.005083266475642296,-0.09658206303720362,1
voip-2d2d103292-20130329_041424,0,0.0,8,-0.096875,0.0,0.25,3.9899467005448375,0.09731577318402043,-0.0059841456999999995,-0.047873165,1
voip-0fa32b1e78-20130328_152808,0,0.0,16,0.060874999999999985,0.5,0.125,3.750035795117873,0.07812574573162236,-0.006562958000000001,-0.10500733,1
voip-317a1436fe-20130325_172154,0,0.0,14,-0.07838571428571428,0.14285714285714285,0.2857142857142857,4.2541257466656734,0.09248099449273203,-0.008148319000000001,-0.114076465,1
voip-e54437a6f0-20130325_140347,0,0.0,12,0.10818333333333334,0.3333333333333333,0.0,3.5618736932384114,0.08283427193577701,-0.004423894533167847,-0.04866283986484632,1
voip-22756d9e8f-20130329_050743,0,0.0,12,0.02573333333333333,0.3333333333333333,0.0,4.475426664141853,0.09729188400308376,-0.004278029,-0.051336348,1
voip-0241bbae39-20130327_190942,0,0.0,10,-0.0775,0.0,0.2,4.154387128062677,0.0865497318346391,-0.005632444300000001,-0.05632444,1
voip-8d5173f3a6-20130324_184438,2,0.25,16,0.0193,0.25,0.0,3.9823553266962586,0.08849678503769465,-0.009106086999999999,-0.14569739,1
voip-ec87351630-20130328_162752,2,0.3333333333333333,12,0.001983333333333337,0.3333333333333333,0.3333333333333333,4.752181839851375,0.0950436367970275,-0.006840082520449703,-0.07524090772494674,1
voip-be5b7bf9d9-20130401_154835,0,0.0,12,-0.05171666666666667,0.16666666666666666,0.16666666666666666,3.598259523247461,0.07196519046494923,-0.006800108000000001,-0.0816013,1
voip-59bc8a2167-20130325_143706,0,0.0,16,0.01102857142857143,0.14285714285714285,0.0,3.6001531027477127,0.08780861226213935,-0.005353958726239701,-0.08030938089359553,1
voip-dda7c88c6e-20130323_053057,0,0.0,12,0.02573333333333333,0.3333333333333333,0.0,4.731188962596273,0.11002765029293657,-0.005968966,-0.071627595,1
voip-88b68a9a41-20130322_221256,0,0.0,12,0.0602,0.16666666666666666,0.0,4.705660563555973,0.09226785418737203,-0.0049666091416094614,-0.054632700557704084,1
voip-e61fa89add-20130326_011204,2,0.2222222222222222,18,0.0,0.0,0.0,5.622040745058323,0.0952888261874292,-0.003891276,-0.07004297,1
voip-4c0d36762a-20130328_212300,0,0.0,14,0.0,0.0,0.0,3.930849310093439,0.07861698620186877,-0.007985445196167208,-0.1038107875501737,1
voip-50af5438f1-20130402_082750,2,0.2222222222222222,18,0.0598875,0.375,0.125,4.351175729302641,0.08879950467964573,-0.007340105757226839,-0.12478179787285625,1
voip-21ec2b7850-20130325_162417,2,0.25,16,0.01102857142857143,0.14285714285714285,0.0,2.7870298188654057,0.06967574547163513,-0.006746523902984336,-0.10119785854476504,1
voip-5a464ca603-20130401_170359,0,0.0,14,0.0083,0.14285714285714285,0.14285714285714285,3.794838992624724,0.0689970725931768,-0.0033803855286141,-0.0439450118719833,1
voip-f1e8236264-20130323_004442,0,0.0,10,-0.062060000000000004,0.2,0.2,4.454995628887309,0.10124990065652974,-0.0050097904,-0.050097905,1
voip-ef9aa63b85-20130328_211048,2,0.2,20,0.02518,0.2,0.2,5.231709447957039,0.07926832496904604,-0.006750181937700529,-0.12825345681631006,1
voip-340dbb333e-20130327_011403,0,0.0,10,0.01544,0.2,0.0,3.4017942101697263,0.11339314033899088,-0.004910019653228422,-0.0441901768790558,1
voip-b57f8ee22b-20130327_000138,2,0.2857142857142857,14,0.02573333333333333,0.3333333333333333,0.0,2.823308900871884,0.07239253591979189,-0.005322824,-0.07451954,1
voip-dda7c88c6e-20130323_053928,0,0.0,6,-0.09866666666666668,0.0,0.3333333333333333,2.81200187668217,0.16541187509895114,-0.008315801,-0.04989480599999999,1
voip-e8997b10da-20130329_000534,0,0.0,10,0.0592,0.2,0.0,3.8397224317449226,0.09845442132679287,-0.005413596,-0.05413596,1
voip-4b7e22cc07-20130401_185640,16,0.64,50,0.148616,0.56,0.04,4.933934571878685,0.05086530486472871,-0.0051928083,-0.25964043,1
voip-52eb280e7b-20130325_124240,2,0.3333333333333333,12,0.012866666666666669,0.16666666666666666,0.0,3.876729431363618,0.09691823578409044,-0.0037612131987275047,-0.04137334518600255,1
voip-fbd422ad18-20130328_185340,8,0.6666666666666666,24,0.006433333333333333,0.08333333333333333,0.0,4.850292496898856,0.09151495277167652,-0.007541493000000001,-0.18099584,1
voip-bde2721237-20130326_195337,0,0.0,14,0.0,0.0,0.0,3.9330174455928977,0.08026566215495709,-0.005100343069688489,-0.06630445990595035,1
voip-e72dba1759-20130326_223506,0,0.0,6,0.02573333333333333,0.3333333333333333,0.0,3.844697070457889,0.12402248614380287,-0.007915455,-0.047492728,1
voip-52eb280e7b-20130325_123856,2,0.3333333333333333,12,0.24143333333333336,0.6666666666666666,0.0,4.255228471345811,0.09456063269657357,-0.0068737767000000005,-0.08248532,1
voip-e0035cc31b-20130323_210244,0,0.0,10,0.01544,0.2,0.0,4.2613933456916495,0.10146174632599167,-0.008930275,-0.08930275,1
voip-2d3d74d091-20130328_135311,0,0.0,20,0.016880000000000003,0.3,0.1,4.2440913525999395,0.06736652940634823,-0.0043293093,-0.086586185,1
voip-03d6592b76-20130327_024630,0,0.0,22,0.06878181818181818,0.2727272727272727,0.0,5.788029115498429,0.08152153683800606,-0.008483991114189848,-0.1781638133979868,1
voip-7e22911804-20130325_202948,0,0.0,8,0.0386,0.5,0.0,3.8076897796820384,0.10020236262321154,-0.008177677,-0.06542142,1
voip-922209b777-20130327_013531,0,0.0,8,0.0193,0.25,0.0,3.297534334896204,0.0942152667113201,-0.002962921270019641,-0.020740448890137486,1
voip-03c59ba692-20130324_034930,0,0.0,10,0.01544,0.2,0.0,3.9099554389631765,0.10025526766572247,-0.006271933,-0.06271933,1
voip-381a50592b-20130326_043646,4,0.5714285714285714,14,0.01102857142857143,0.14285714285714285,0.0,3.5067446840910264,0.09477688335381153,-0.005250950502858569,-0.0682623565371614,1
voip-4a6ecc1f1c-20130329_153643,0,0.0,10,0.07464,0.4,0.0,3.1113711115477938,0.08642697532077206,-0.0076941163,-0.07694116,1
voip-39a25ab2f8-20130328_131901,2,0.2857142857142857,14,0.0592,0.2,0.0,3.841585227546503,0.12805284091821675,-0.003960573257548579,-0.04752687909058295,1
voip-31d9d1a567-20130402_035950,0,0.0,12,0.06363333333333332,0.16666666666666666,0.0,4.576347878356743,0.07502209636650399,-0.008434002,-0.10120802400000001,1
voip-e99e4f4538-20130327_140746,4,0.4444444444444444,18,0.0423,0.3333333333333333,0.0,4.033174465443099,0.0720209725971982,-0.008224494,-0.14804089,1
voip-e54437a6f0-20130326_195611,4,0.5,16,0.0598875,0.25,0.0,3.8971537451254714,0.09742884362813678,-0.0066095996,-0.10575359,1
voip-03c59ba692-20130325_183305,0,0.0,10,0.01544,0.2,0.0,3.438975689207533,0.0929452888975009,-0.005358585,-0.05358585,1
voip-9f989824fd-20130324_074401,0,0.0,10,0.01544,0.2,0.0,2.997869122326308,0.09084451885837297,-0.0064448593,-0.064448595,1
voip-199d62165b-20130402_120456,0,0.0,10,0.031659999999999994,0.2,0.2,4.879560591404935,0.10607740416097684,-0.0021151747,-0.021151746000000003,1
voip-2d2d103292-20130328_195634,0,0.0,8,-0.0065749999999999975,0.25,0.25,4.080527048900186,0.10201317622250464,-0.0067518894,-0.054015115,1
voip-e72dba1759-20130325_204601,0,0.0,16,0.0659,0.3333333333333333,0.0,3.765754484452588,0.06973619415652943,-0.005069659170158047,-0.07604488755237071,1
voip-936ec6902a-20130328_133128,0,0.0,10,0.01544,0.2,0.0,3.3995285328285916,0.09443134813412753,-0.005543319499999999,-0.055433195,1
voip-96f43326a4-20130323_071538,2,0.25,16,0.1124875,0.375,0.0,4.536765075850459,0.0810136620687582,-0.004867637729538339,-0.06814692821353674,1
voip-922209b777-20130325_162222,0,0.0,12,0.012866666666666669,0.16666666666666666,0.0,4.509313935393548,0.0920268150080316,-0.0032457426476122982,-0.03570316912373528,1
voip-2f4c700ae3-20130401_191934,0,0.0,10,0.0,0.0,0.0,3.3515385238148565,0.09857466246514282,-0.00624551,-0.062455103,1
voip-3b81cbb287-20130324_022110,0,0.0,6,-0.12916666666666668,0.0,0.3333333333333333,2.6208421103467403,0.09706822630913853,-0.0064222193,-0.038533315,1
voip-b6618de447-20130328_153132,0,0.0,8,0.014525,0.25,0.25,4.19973266572325,0.09766820152844767,-0.0032764126,-0.0262113,1
voip-a352cb5ca5-20130401_234216,4,0.3636363636363637,22,0.05580909090909091,0.3636363636363637,0.09090909090909093,4.7918235364029975,0.07606069105401582,-0.006343762545535962,-0.1332190134562552,1
voip-5cf59cc660-20130328_143501,0,0.0,12,-0.05171666666666667,0.16666666666666666,0.16666666666666666,3.972468930522454,0.09028338478460124,-0.007832125,-0.0939855,1
voip-8d5173f3a6-20130324_183623,2,0.3333333333333333,12,0.01544,0.2,0.0,3.4488358699301833,0.1045101778766722,-0.005771571999999999,-0.06925886,1
voip-b20b6e847a-20130326_222030,0,0.0,10,0.008920000000000003,0.4,0.2,4.6069467486630495,0.10470333519688753,-0.0049777306,-0.049777307,1
voip-381a50592b-20130326_035922,3,0.42857142857142855,14,0.01102857142857143,0.14285714285714285,0.0,3.4539889405624167,0.09335105244763288,-0.0059524338083485,-0.0773816395085305,1
voip-8d5173f3a6-20130324_184603,2,0.3333333333333333,12,0.01544,0.2,0.0,3.1346874682575048,0.09795898338304702,-0.0069390405,-0.083268486,1
voip-0fa32b1e78-20130328_151336,2,0.18181818181818185,22,0.04409,0.2,0.2,4.329300977591165,0.07215501629318609,-0.004644937020549108,-0.09754367743153124,1
voip-72e50baa85-20130327_063159,2,0.2222222222222222,18,-0.04305555555555556,0.0,0.1111111111111111,4.420846028613108,0.08501626978102134,-0.005899517,-0.1061913,1
voip-a31ca3e355-20130323_223338,0,0.0,10,0.0193,0.25,0.0,2.314164619046221,0.09256658476184884,-0.0044860892424670356,-0.040374803182203316,1
voip-10beae627f-20130328_165245,2,0.2857142857142857,14,-0.031257142857142865,0.14285714285714285,0.14285714285714285,5.115927335997098,0.08975311115784383,-0.004979508608812465,-0.0597541033057496,1
voip-36440f7305-20130327_200102,4,0.5,16,0.01102857142857143,0.14285714285714285,0.0,3.4580878773711463,0.0886689199325935,-0.0032588306,-0.05214129,1
voip-e9b53d6ace-20130401_184931,0,0.0,10,0.011620000000000002,0.2,0.2,5.15527505295095,0.09913990486444134,-0.0037328241999999997,-0.037328243,1
voip-b27a230d2e-20130323_050830,0,0.0,8,0.100475,0.25,0.0,3.0866489681583165,0.09078379318112696,-0.0041551934999999995,-0.033241547999999996,1
voip-90732b027d-20130328_164236,0,0.0,22,0.04355454545454545,0.18181818181818185,0.0,3.68868395645272,0.06471375362197755,-0.0052151955968881905,-0.109519107534652,1
voip-9735278861-20130401_154605,0,0.0,12,0.009683333333333334,0.16666666666666666,0.16666666666666666,3.847458056595409,0.08549906792434242,-0.0039012188,-0.046814624000000006,1
voip-f22c2bf9c7-20130326_193956,7,0.7,20,0.03954,0.2,0.0,4.013512329622088,0.08539387935366148,-0.006481718232144455,-0.12315264641074465,1
voip-da10d74c3e-20130328_142725,4,0.5,16,0.0598875,0.25,0.0,3.9432886723803136,0.08047527902816966,-0.0049788393,-0.07966143,1
voip-b6618de447-20130328_152908,0,0.0,10,-0.046620000000000016,0.4,0.2,4.038178895345564,0.08778649772490357,-0.006214005,-0.062140047999999996,1
voip-5cf59cc660-20130328_143758,2,0.18181818181818185,22,-0.02119090909090909,0.18181818181818185,0.09090909090909093,4.152545724391482,0.06807452007199151,-0.0072744726,-0.1600384,1
voip-e72dba1759-20130326_221205,5,0.5,20,0.0555,0.2,0.0,5.72200971987184,0.1040365403613062,-0.002522942185781798,-0.047935901529854164,1
voip-f22c2bf9c7-20130328_165410,0,0.0,12,0.07984999999999999,0.3333333333333333,0.0,4.081746289627112,0.09492433231690957,-0.006820840999999999,-0.08185010000000001,1
voip-f22c2bf9c7-20130328_115849,4,0.8,10,-0.0592,0.0,0.2,3.2560166461896145,0.19153039095233027,-0.0029249491999999997,-0.029249491000000002,1
voip-96f43326a4-20130323_072452,2,0.4,10,-0.02702,0.0,0.2,3.0642998233329197,0.08511943953702554,-0.007022016999999999,-0.07022017,1
voip-e2a895cfe5-20130326_233655,4,0.4,20,0.05323333333333333,0.2222222222222222,0.0,3.353999104001049,0.07291302400002282,-0.006155238,-0.12310476,1
voip-8f9fb7a86b-20130328_185140,0,0.0,10,0.01544,0.2,0.0,3.6814179002170095,0.0994977810869462,-0.006369114,-0.06369114,1
voip-3b3edac94d-20130326_003522,0,0.0,12,-0.06458333333333334,0.0,0.16666666666666666,2.939221024620489,0.06680047783228384,-0.006454153000000001,-0.077449836,1
voip-d7853a398f-20130402_161902,0,0.0,10,-0.077575,0.25,0.25,3.3006646594386613,0.08920715295780167,-0.006577725,-0.06577725,1
voip-dd9f7810fd-20130322_231612,0,0.0,8,0.0193,0.25,0.0,3.505957272360013,0.09475560195567603,-0.0031403913,-0.02512313,1
voip-f091d0e461-20130327_211146,0,0.0,10,0.13957999999999998,0.4,0.0,3.4942493462476434,0.0895961370832729,-0.005963681,-0.05963681,1
voip-d645d56d23-20130324_000651,4,0.4,20,0.05031111111111111,0.3333333333333333,0.1111111111111111,5.065882653110381,0.0791544164548497,-0.0058708102,-0.1174162,1
voip-b27a230d2e-20130323_043046,2,0.2222222222222222,18,-0.05535714285714286,0.0,0.14285714285714285,4.8184048400836135,0.08166787864548497,-0.008767786999999999,-0.15782018,1
voip-d76f6e4f82-20130327_193247,0,0.0,14,0.06571428571428571,0.2857142857142857,0.14285714285714285,5.584985066420794,0.09155713223640644,-0.0037382586999999998,-0.052335624000000004,1
voip-4c25da9a27-20130327_141855,0,0.0,8,0.0903,0.25,0.0,3.0695936551369685,0.09901915016570867,-0.008440554,-0.06752443,1
voip-4f069a4136-20130402_031309,4,0.4444444444444444,18,0.0193,0.25,0.0,4.097196882138697,0.0803371937674254,-0.011175128999999999,-0.20115231,1
voip-ccf48b9a6a-20130329_041830,5,0.38461538461538464,26,0.06463846153846152,0.3076923076923077,0.07692307692307693,4.085039973289732,0.0658877415046731,-0.005046485273245101,-0.12111564655788246,1
voip-e8997b10da-20130401_151850,0,0.0,12,0.0012500000000000011,0.3333333333333333,0.16666666666666666,3.8584700467170214,0.0787442866676943,-0.0067618634,-0.08114236,1
voip-2f4c700ae3-20130401_190045,0,0.0,12,0.07306666666666667,0.3333333333333333,0.0,3.1108524800273325,0.07777131200068331,-0.008346623000000001,-0.10015947,1
voip-f113dbb0e1-20130327_173842,3,0.3,20,0.008577777777777778,0.1111111111111111,0.0,4.470489952455165,0.07577101614330789,-0.004744961,-0.09489922,1
voip-dd9f7810fd-20130322_224356,0,0.0,18,0.06709999999999999,0.2222222222222222,0.0,4.9931095179036555,0.08759841259480096,-0.0049441536,-0.088994764,1
voip-7e22911804-20130328_204150,4,0.4,20,0.08904,0.4,0.1,3.705548945509136,0.0650096306229673,-0.007083421696306152,-0.12041816883720458,1
voip-52eb280e7b-20130326_214342,0,0.0,12,0.012866666666666669,0.16666666666666666,0.0,3.805333067972773,0.08648484245392664,-0.007982758000000001,-0.0957931,1
voip-c8ec8c76dd-20130328_175715,0,0.0,16,0.0996625,0.375,0.0,5.060736369180394,0.07907400576844367,-0.005361489499999999,-0.08578383,1
voip-03c2655d43-20130327_195308,0,0.0,10,0.01544,0.2,0.0,3.9167374870309706,0.09325565445311834,-0.008256607,-0.08256607,1
voip-db80a9e6df-20130328_230811,0,0.0,10,-0.0775,0.0,0.2,4.264347407143784,0.09270320450312572,-0.0025610679999999997,-0.02561068,1
voip-5a464ca603-20130401_192625,3,0.21428571428571427,28,-0.040508333333333334,0.08333333333333333,0.25,4.476635955525474,0.07718337854354265,-0.00558418395909636,-0.13402041501831266,1
voip-22756d9e8f-20130328_170312,10,0.4,50,0.09604285714285717,0.3809523809523809,0.09523809523809523,6.920667245146028,0.07362411962921307,-0.00724873396899531,-0.3334417625737842,1
voip-ad40cf5489-20130327_192458,2,0.4,10,0.01544,0.2,0.0,3.588616264489333,0.09698962876998198,-0.009658213,-0.09658213,1
voip-8991b7bff6-20130401_174811,3,0.2727272727272727,22,-0.01941,0.2,0.2,5.077199591817053,0.08605423036978056,-0.00528759701846866,-0.1057519403693732,1
voip-00d76b791d-20130327_011609,0,0.0,14,0.1003,0.2857142857142857,0.0,3.7830387859376913,0.08797764618459747,-0.00802308046975388,-0.10430004610680044,1
voip-2d2d103292-20130326_041959,0,0.0,18,-0.03447777777777778,0.1111111111111111,0.1111111111111111,4.413151043408663,0.06895548505326038,-0.0066643967,-0.11995914,1
voip-e8997b10da-20130401_152019,7,0.5,28,0.13579285714285713,0.5,0.21428571428571427,4.73439414310971,0.06575547420985707,-0.006396346999999999,-0.17909773,1
voip-fbd422ad18-20130328_184603,0,0.0,12,-0.06458333333333334,0.0,0.16666666666666666,4.1391433270422855,0.08623215264671429,-0.00474483,-0.05693796,1
voip-2f209793f4-20130326_005217,2,0.2222222222222222,18,-0.02431111111111111,0.1111111111111111,0.1111111111111111,4.68493959835042,0.07940575590424441,-0.008632373263347237,-0.14675034547690302,1
voip-7e07d8f0f5-20130328_185855,2,0.2,20,0.10423,0.5,0.1,4.592110000438666,0.08056333334102922,-0.0058481206345420925,-0.11111429205629976,1
voip-03d6592b76-20130327_030034,0,0.0,10,0.08768000000000001,0.4,0.0,3.554998470652892,0.10157138487579692,-0.005291955,-0.05291955,1
voip-22756d9e8f-20130329_043954,0,0.0,10,0.02706,0.4,0.2,5.034529823061414,0.09681788121271948,-0.0028723496999999995,-0.028723497,1
voip-7e07d8f0f5-20130328_185114,2,0.2857142857142857,14,0.0622,0.3333333333333333,0.0,3.7605116427900387,0.09171979616561073,-0.0067172816667992324,-0.08732466166839004,1
voip-be5b7bf9d9-20130402_201818,0,0.0,8,0.0,0.0,0.0,3.8947937060882976,0.10526469475914316,-0.0065828776,-0.05266302,1
voip-e9b53d6ace-20130401_205843,2,0.25,16,0.007262500000000002,0.125,0.125,5.890516055921296,0.09656583698231633,-0.0023373726522549986,-0.03506058978382498,1
voip-90732b027d-20130401_222446,0,0.0,18,0.0598875,0.25,0.0,5.038819616213015,0.07520626292855248,-0.007821881999999999,-0.14079387,1
voip-199d62165b-20130402_122354,0,0.0,8,0.09545,0.25,0.0,4.008175755876748,0.1083290744831554,-0.0019592284,-0.015673826999999998,1
voip-62cc0cc55d-20130323_161217,3,0.3,20,0.05948000000000001,0.3,0.0,3.7151816850088646,0.07739961843768467,-0.0064944127,-0.12988825,1
voip-3be3bda933-20130327_015627,0,0.0,18,0.01102857142857143,0.14285714285714285,0.0,3.505488138956303,0.07458485402034687,-0.004395160093040699,-0.07471772158169188,1
voip-b57f8ee22b-20130326_234206,0,0.0,10,0.0,0.0,0.0,3.0709930315195204,0.102366434383984,-0.0059497776,-0.059497774,1
voip-5a464ca603-20130401_193933,5,0.3125,32,-0.02505833333333333,0.08333333333333333,0.25,5.429674009457155,0.07756677156367364,-0.00511429,-0.16365728,1
voip-597cfafdee-20130402_011800,0,0.0,12,0.012866666666666669,0.16666666666666666,0.0,4.713759672379476,0.09242666024273484,-0.0069972835,-0.0839674,1
voip-b6618de447-20130325_145518,0,0.0,8,0.0386,0.5,0.0,3.5020032936594885,0.09727786926831912,-0.00503611,-0.04028888,1
voip-88b68a9a41-20130324_004148,2,0.4,10,0.241925,0.5,0.0,3.5408710074099212,0.09569921641648436,-0.008263845,-0.08263845,1
voip-7e07d8f0f5-20130328_192245,2,0.2857142857142857,14,0.0,0.0,0.0,3.324001903384181,0.08107321715571174,-0.0048127821434966545,-0.0529406035784632,1
voip-affbf578cf-20130401_163655,0,0.0,6,0.02573333333333333,0.3333333333333333,0.0,3.5646975233297664,0.1113967976040552,-0.0053581037,-0.032148622,1
voip-f32f2cfdae-20130327_014457,0,0.0,8,0.0193,0.25,0.0,3.2706790465195064,0.10550577569417764,-0.006115265,-0.04892212,1
voip-0fa32b1e78-20130402_142351,0,0.0,8,0.1096,0.5,0.0,2.8395638943901225,0.11358255577560487,-0.008169575,-0.0653566,1
voip-155e939ebc-20130327_203543,2,0.3333333333333333,12,0.07506666666666666,0.5,0.0,4.242630400028232,0.10878539487251876,-0.005499625,-0.0659955,1
voip-fe4b6ef58f-20130325_234625,0,0.0,16,-0.0032874999999999988,0.125,0.125,3.9020902967341433,0.06968018387025256,-0.0066308318865984425,-0.09283164641237818,1
voip-ab4f1dbb59-20130328_180542,0,0.0,10,0.08386,0.4,0.2,4.280987851466306,0.08736709900951645,-0.004515124000000001,-0.04515124,1
voip-d6f8c4271e-20130326_220359,0,0.0,12,0.0,0.0,0.0,4.3413906053713065,0.09437805663850668,-0.008075105,-0.09690126,1
voip-8d5173f3a6-20130324_183442,0,0.0,12,0.012866666666666669,0.16666666666666666,0.0,4.119495312132495,0.09808322171744037,-0.0068101753000000004,-0.0817221,1
voip-03d6592b76-20130326_012615,2,0.2,20,0.15436,0.5,0.1,4.9269913287650215,0.08211652214608367,-0.005092984,-0.10185968,1
voip-db80a9e6df-20130328_230354,2,0.25,16,-0.0387875,0.125,0.125,4.7116984439219065,0.08725367488744272,-0.006174066999999999,-0.09878507,1
voip-3cf7bd870d-20130327_174526,0,0.0,18,0.000833333333333334,0.2222222222222222,0.1111111111111111,5.048749702296901,0.0989950922019,-0.0061128459980382644,-0.10391838196665047,1
voip-50af5438f1-20130402_090250,2,0.2222222222222222,18,0.00965,0.125,0.0,3.5214181092601877,0.08189344440139973,-0.005581851747202953,-0.07814592446084134,1
voip-10beae627f-20130401_163556,0,0.0,8,0.0193,0.25,0.0,3.864556139459016,0.10444746322862204,-0.003815475,-0.0305238,1
voip-10beae627f-20130401_164239,0,0.0,14,0.08627142857142857,0.2857142857142857,0.0,5.535097521339552,0.08648589877093052,-0.005195405643182592,-0.06754027336137369,1
voip-2f209793f4-20130326_012033,2,0.4,10,0.13957999999999998,0.4,0.0,3.820929378263339,0.11940404307072935,-0.003906855,-0.03906855,1
voip-4f069a4136-20130402_032149,5,0.5,20,0.01822222222222222,0.2222222222222222,0.2222222222222222,4.4839079048753065,0.08303533157176493,-0.005365562153440949,-0.10194568091537803,1
voip-4c0d36762a-20130328_205236,6,0.4615384615384616,26,-0.07098,0.2,0.2,4.5189150782533964,0.08690221304333456,-0.0058240144999999995,-0.15142438,1
voip-78f497f314-20130324_203101,0,0.0,10,0.07636,0.2,0.0,5.069756165877335,0.10346441154851704,-0.0053970655,-0.053970657000000005,1
voip-03c2655d43-20130327_194616,0,0.0,6,0.02573333333333333,0.3333333333333333,0.0,3.183659133241071,0.13841996231482914,-0.0080021,-0.048012599999999996,1
voip-58047f5227-20130327_032257,0,0.0,6,0.02573333333333333,0.3333333333333333,0.0,3.9319934808813537,0.1123426708823244,-0.0052436204,-0.031461723,1
voip-dd9f7810fd-20130322_223946,0,0.0,10,0.0,0.0,0.0,4.021285558437898,0.09808013557165607,-0.007224988000000001,-0.07224988,1
voip-dcaeb62b29-20130326_043007,11,0.5789473684210527,38,0.08924444444444443,0.2222222222222222,0.0,4.224409566968638,0.061223327057516486,-0.005262517745399641,-0.18945063883438704,1
voip-14f776f781-20130328_121622,0,0.0,16,0.07347500000000001,0.25,0.0,4.5055295694286235,0.0776815443004935,-0.009095245,-0.14552392,1
voip-e61fa89add-20130326_100409,2,0.4,10,0.07464,0.4,0.0,4.134600236593685,0.09188000525763744,-0.006824539,-0.06824539,1
voip-88b68a9a41-20130324_004639,0,0.0,8,0.25975,0.75,0.0,4.369742604134841,0.1040414905746391,-0.0073312740000000005,-0.058650192000000004,1
